cd_munty_refnis;cd_munty_refnis_voisin
11001;11002
11001;11013
11001;11018
11001;11024
11001;11030
11001;11037
11001;11038
11002;11001
11002;11007
11002;11008
11002;11013
11002;11018
11002;11023
11002;11029
11002;11040
11002;11044
11002;11050
11002;11052
11002;11056
11002;46003
11002;46013
11004;11007
11004;11021
11004;11025
11004;11029
11004;11035
11004;11052
11004;12021
11005;11030
11005;11037
11005;12040
11005;12041
11007;11002
11007;11004
11007;11029
11007;11052
11008;11002
11008;11009
11008;11023
11008;11040
11008;11053
11009;11008
11009;11039
11009;11040
11009;11053
11009;11055
11009;11057
11009;13014
11009;13037
11013;11001
11013;11002
11013;11021
11013;11024
11013;11029
11016;11022
11018;11001
11018;11002
11018;11038
11018;46013
11021;11004
11021;11013
11021;11024
11021;11025
11021;11029
11022;11016
11022;11023
11022;11053
11023;11002
11023;11008
11023;11022
11023;11044
11023;11053
11024;11001
11024;11013
11024;11021
11024;11025
11024;11037
11024;12009
11025;11004
11025;11021
11025;11024
11025;12009
11025;12021
11029;11002
11029;11004
11029;11007
11029;11013
11029;11021
11030;11001
11030;11005
11030;11037
11030;11038
11030;12007
11030;12041
11035;11004
11035;11039
11035;11052
11035;11054
11035;11055
11035;12021
11035;12026
11037;11001
11037;11005
11037;11024
11037;11030
11037;12009
11037;12025
11037;12035
11037;12040
11038;11001
11038;11018
11038;11030
11038;12007
11038;46013
11039;11009
11039;11035
11039;11040
11039;11050
11039;11052
11039;11055
11040;11002
11040;11008
11040;11009
11040;11039
11040;11050
11044;11002
11044;11023
11050;11002
11050;11039
11050;11040
11050;11052
11052;11002
11052;11004
11052;11007
11052;11035
11052;11039
11052;11050
11053;11008
11053;11009
11053;11022
11053;11023
11053;13014
11054;11035
11054;11055
11054;12026
11054;13010
11054;13044
11055;11009
11055;11035
11055;11039
11055;11054
11055;11057
11055;13044
11056;11002
11056;46003
11056;46013
11057;11009
11057;11055
11057;13004
11057;13019
11057;13037
11057;13044
12002;12014
12002;12021
12002;12026
12002;12029
12005;12025
12005;12029
12005;12035
12005;24014
12005;24033
12005;24048
12007;11030
12007;11038
12007;12041
12007;42008
12007;46013
12007;46025
12009;11024
12009;11025
12009;11037
12009;12021
12009;12035
12014;12002
12014;12026
12014;12029
12014;13011
12014;13012
12014;13016
12014;13049
12014;24007
12014;24048
12014;24109
12021;11004
12021;11025
12021;11035
12021;12002
12021;12009
12021;12026
12021;12029
12021;12035
12025;11037
12025;12005
12025;12035
12025;12040
12025;23039
12025;23088-23096
12025;24014
12026;11035
12026;11054
12026;12002
12026;12014
12026;12021
12026;13010
12026;13012
12029;12002
12029;12005
12029;12014
12029;12021
12029;12035
12029;24048
12035;11037
12035;12005
12035;12009
12035;12021
12035;12025
12035;12029
12040;11005
12040;11037
12040;12025
12040;12041
12040;23039
12040;23045
12041;11005
12041;11030
12041;12007
12041;12040
12041;23039
12041;23045
12041;42004
12041;42008
13001;13025
13001;13031
13001;13035
13001;13036
13002;13014
13002;13023
13002;13035
13002;13040
13003;13021
13003;13025
13003;71034
13003;71069
13003;72020
13003;72038
13004;11057
13004;13019
13004;13023
13004;13037
13004;13040
13004;13046
13006;13025
13006;13036
13008;13013
13008;13017
13008;13021
13008;13025
13008;13029
13008;13036
13008;13049
13008;13053
13010;11054
13010;12026
13010;13011
13010;13012
13010;13044
13011;12014
13011;13010
13011;13012
13011;13017
13011;13019
13011;13029
13011;13044
13011;13049
13012;12014
13012;12026
13012;13010
13012;13011
13013;13008
13013;13016
13013;13049
13013;13053
13013;24001
13013;24007
13013;24134
13014;11009
13014;11053
13014;13002
13014;13023
13014;13037
13016;12014
13016;13013
13016;13049
13016;24007
13017;13008
13017;13011
13017;13019
13017;13029
13017;13031
13017;13036
13017;13040
13017;13046
13019;11057
13019;13004
13019;13011
13019;13017
13019;13044
13019;13046
13021;13003
13021;13008
13021;13025
13021;13053
13021;71069
13023;13002
13023;13004
13023;13014
13023;13037
13023;13040
13025;13001
13025;13003
13025;13006
13025;13008
13025;13021
13025;13036
13025;72020
13029;13008
13029;13011
13029;13017
13029;13049
13031;13001
13031;13017
13031;13035
13031;13036
13031;13040
13035;13001
13035;13002
13035;13031
13035;13040
13036;13001
13036;13006
13036;13008
13036;13017
13036;13025
13036;13031
13037;11009
13037;11057
13037;13004
13037;13014
13037;13023
13040;13002
13040;13004
13040;13017
13040;13023
13040;13031
13040;13035
13040;13046
13044;11054
13044;11055
13044;11057
13044;13010
13044;13011
13044;13019
13046;13004
13046;13017
13046;13019
13046;13040
13049;12014
13049;13008
13049;13011
13049;13013
13049;13016
13049;13029
13053;13008
13053;13013
13053;13021
13053;24134
13053;71057
13053;71069
21001;21004-21005-21009
21001;21007
21001;21012
21001;21013
21001;23016
21001;23077
21001;23098
21002;21004-21005-21009
21002;21017
21002;21019
21002;23062
21002;24104
21003;21008
21003;21011
21003;21012
21003;23002
21003;23016
21004-21005-21009;21001
21004-21005-21009;21002
21004-21005-21009;21006
21004-21005-21009;21007
21004-21005-21009;21010
21004-21005-21009;21012
21004-21005-21009;21013
21004-21005-21009;21014
21004-21005-21009;21015
21004-21005-21009;21016
21004-21005-21009;21017
21004-21005-21009;21018
21004-21005-21009;21019
21004-21005-21009;23025
21004-21005-21009;23047
21004-21005-21009;23088-23096
21004-21005-21009;23094
21004-21005-21009;23102
21006;21004-21005-21009
21006;21015
21006;21018
21006;23094
21007;21001
21007;21004-21005-21009
21007;21013
21007;21016
21007;23098
21008;21003
21008;21010
21008;21011
21008;23002
21010;21004-21005-21009
21010;21008
21010;21011
21010;21012
21010;23002
21010;23102
21011;21003
21011;21008
21011;21010
21011;21012
21012;21001
21012;21003
21012;21004-21005-21009
21012;21010
21012;21011
21012;23016
21013;21001
21013;21004-21005-21009
21013;21007
21014;21004-21005-21009
21014;21015
21015;21004-21005-21009
21015;21006
21015;21014
21015;21018
21016;21004-21005-21009
21016;21007
21016;21017
21016;23098
21016;23100
21016;23101
21017;21002
21017;21004-21005-21009
21017;21016
21017;23033
21017;23062
21017;23101
21018;21004-21005-21009
21018;21006
21018;21015
21018;21019
21018;23094
21018;23099
21019;21002
21019;21004-21005-21009
21019;21018
21019;23099
21019;24104
23002;21003
23002;21008
23002;21010
23002;23016
23002;23052
23002;23060
23002;23086
23002;23102
23002;23105
23002;41002
23003;23027
23003;23077
23003;23098
23003;23100
23003;23101
23003;25014
23009;23023
23009;23032
23009;41018
23009;51068
23009;51069
23016;21001
23016;21003
23016;21012
23016;23002
23016;23077
23016;23086
23016;23104
23023;23009
23023;23024
23023;23032
23023;41018
23023;41048
23024;23023
23024;23032
23024;23064
23024;23097
23024;23104
23024;41048
23025;21004-21005-21009
23025;23039
23025;23050
23025;23088-23096
23025;23102
23027;23003
23027;23064
23027;23077
23027;25014
23027;25015
23027;25105
23032;23009
23032;23023
23032;23024
23032;23064
23032;51067
23032;51068
23033;21017
23033;23062
23033;23101
23033;25050
23033;25110
23038;23081
23038;23088-23096
23038;24014
23038;24033
23038;24038
23038;24055
23039;12025
23039;12040
23039;12041
23039;23025
23039;23045
23039;23050
23039;23088-23096
23044;23086
23044;23097
23044;23105
23044;41011
23044;41048
23045;12040
23045;12041
23045;23039
23045;23050
23045;23052
23045;42004
23047;21004-21005-21009
23047;23081
23047;23088-23096
23047;23094
23050;23025
23050;23039
23050;23045
23050;23052
23050;23102
23052;23002
23052;23045
23052;23050
23052;23060
23052;23102
23052;42004
23060;23002
23060;23052
23060;41002
23060;42004
23060;42011
23062;21002
23062;21017
23062;23033
23062;24045
23062;24104
23062;25050
23062;25091
23062;25112
23064;23024
23064;23027
23064;23032
23064;23077
23064;23104
23064;25105
23064;25123
23064;51067
23077;21001
23077;23003
23077;23016
23077;23027
23077;23064
23077;23098
23077;23104
23081;23038
23081;23047
23081;23088-23096
23081;23094
23081;24055
23086;23002
23086;23016
23086;23044
23086;23097
23086;23104
23086;23105
23088-23096;12025
23088-23096;21004-21005-21009
23088-23096;23025
23088-23096;23038
23088-23096;23039
23088-23096;23047
23088-23096;23081
23088-23096;24014
23094;21004-21005-21009
23094;21006
23094;21018
23094;23047
23094;23081
23094;23099
23094;23103
23094;24055
23094;24104
23097;23024
23097;23044
23097;23086
23097;23104
23097;41048
23098;21001
23098;21007
23098;21016
23098;23003
23098;23077
23098;23100
23099;21018
23099;21019
23099;23094
23099;23103
23099;24104
23100;21016
23100;23003
23100;23098
23100;23101
23101;21016
23101;21017
23101;23003
23101;23033
23101;23100
23101;25014
23101;25110
23102;21004-21005-21009
23102;21010
23102;23002
23102;23025
23102;23050
23102;23052
23103;23094
23103;23099
23103;24104
23104;23016
23104;23024
23104;23064
23104;23077
23104;23086
23104;23097
23105;23002
23105;23044
23105;23086
23105;41002
23105;41011
24001;13013
24001;24007
24001;24008
24001;24043
24001;24094
24001;24134
24001;24135
24007;12014
24007;13013
24007;13016
24007;24001
24007;24094
24007;24109
24008;24001
24008;24020
24008;24054
24008;24134
24008;24135
24008;24137
24008;71020
24009;24038
24009;24045
24009;24055
24009;24062
24009;24086
24009;24104
24011;24016
24011;24062
24011;24066
24011;24086
24011;25005
24011;25037
24014;12005
24014;12025
24014;23038
24014;23088-23096
24014;24033
24016;24011
24016;24041
24016;24066
24016;24107
24016;25005
24020;24008
24020;24134
24020;71004
24020;71020
24020;71037
24020;71057
24028;24054
24028;24130
24028;71020
24028;71024
24028;71045
24028;71053
24033;12005
24033;23038
24033;24014
24033;24038
24033;24048
24033;24062
24033;24094
24033;24109
24038;23038
24038;24009
24038;24033
24038;24055
24038;24062
24041;24016
24041;24107
24041;25005
24041;25048
24041;25118
24043;24001
24043;24062
24043;24066
24043;24094
24043;24135
24045;23062
24045;24009
24045;24086
24045;24104
24045;25037
24045;25112
24048;12005
24048;12014
24048;12029
24048;24033
24048;24109
24054;24008
24054;24028
24054;24107
24054;24130
24054;24133
24054;24137
24054;71020
24055;23038
24055;23081
24055;23094
24055;24009
24055;24038
24055;24104
24059;24107
24059;24130
24059;24133
24059;25118
24059;64034
24059;64047
24059;71017
24059;71053
24062;24009
24062;24011
24062;24033
24062;24038
24062;24043
24062;24066
24062;24086
24062;24094
24066;24011
24066;24016
24066;24043
24066;24062
24066;24107
24066;24135
24066;24137
24086;24009
24086;24011
24086;24045
24086;24062
24086;25037
24094;24001
24094;24007
24094;24033
24094;24043
24094;24062
24094;24109
24104;21002
24104;21019
24104;23062
24104;23094
24104;23099
24104;23103
24104;24009
24104;24045
24104;24055
24107;24016
24107;24041
24107;24054
24107;24059
24107;24066
24107;24133
24107;24137
24107;25118
24109;12014
24109;24007
24109;24033
24109;24048
24109;24094
24130;24028
24130;24054
24130;24059
24130;24133
24130;71053
24133;24054
24133;24059
24133;24107
24133;24130
24134;13013
24134;13053
24134;24001
24134;24008
24134;24020
24134;24135
24134;71057
24135;24001
24135;24008
24135;24043
24135;24066
24135;24134
24135;24137
24137;24008
24137;24054
24137;24066
24137;24107
24137;24135
25005;24011
25005;24016
25005;24041
25005;25037
25005;25043
25005;25048
25014;23003
25014;23027
25014;23101
25014;25015
25014;25031
25014;25044
25014;25072
25014;25110
25014;25119
25015;23027
25015;25014
25015;25044
25015;25105
25018;25037
25018;25043
25018;25068
25018;25112
25018;25121
25018;25124
25023;25031
25023;25068
25023;25107
25023;25117
25023;25121
25031;25014
25031;25023
25031;25072
25031;25107
25031;25119
25031;25121
25031;52075
25037;24011
25037;24045
25037;24086
25037;25005
25037;25018
25037;25043
25037;25112
25043;25005
25043;25018
25043;25037
25043;25048
25043;25084
25043;25122
25043;25124
25044;25014
25044;25015
25044;25072
25044;25105
25044;55004
25048;24041
25048;25005
25048;25043
25048;25118
25048;25120
25048;25122
25050;23033
25050;23062
25050;25091
25050;25110
25050;25119
25068;25018
25068;25023
25068;25117
25068;25121
25068;25124
25072;25014
25072;25031
25072;25044
25072;52055
25072;52075
25072;55004
25072;55085
25084;25043
25084;25122
25084;25124
25084;92035
25084;92142
25091;23062
25091;25050
25091;25112
25091;25119
25091;25121
25105;23027
25105;23064
25105;25015
25105;25044
25105;25123
25105;55004
25107;25023
25107;25031
25107;25117
25107;52021
25107;52075
25107;92114
25110;23033
25110;23101
25110;25014
25110;25050
25110;25119
25112;23062
25112;24045
25112;25018
25112;25037
25112;25091
25112;25121
25117;25023
25117;25068
25117;25107
25117;25124
25117;92114
25117;92142
25118;24041
25118;24059
25118;24107
25118;25048
25118;25120
25118;64047
25119;25014
25119;25031
25119;25050
25119;25091
25119;25110
25119;25121
25120;25048
25120;25118
25120;25122
25120;64034
25120;64047
25120;64075
25120;92035
25121;25018
25121;25023
25121;25031
25121;25068
25121;25091
25121;25112
25121;25119
25122;25043
25122;25048
25122;25084
25122;25120
25122;92035
25123;23064
25123;25105
25123;51067
25123;55004
25124;25018
25124;25043
25124;25068
25124;25084
25124;25117
25124;92142
31003;31005
31003;31006
31003;31022
31003;37012
31003;37018
31003;43010
31003;44084
31004;31005
31004;31042
31004;35029
31005;31003
31005;31004
31005;31006
31005;31012
31005;31022
31005;31040
31005;31042
31005;31043
31006;31003
31006;31005
31006;31043
31006;43010
31012;31005
31012;31040
31012;31042
31012;35006
31012;35014
31012;35029
31022;31003
31022;31005
31022;31033
31022;31040
31022;36011
31022;37018
31033;31022
31033;31040
31033;32011
31033;35006
31033;36006
31033;36011
31040;31005
31040;31012
31040;31022
31040;31033
31040;35006
31042;31004
31042;31005
31042;31012
31042;35029
31043;31005
31043;31006
32003;32006
32003;32010
32003;32011
32003;32030
32003;35011
32003;38002
32003;38016
32003;38025
32006;32003
32006;32011
32006;32030
32006;33040
32006;36019
32010;32003
32010;32011
32010;35005
32010;35006
32010;35011
32011;31033
32011;32003
32011;32006
32011;32010
32011;35006
32011;36006
32011;36019
32030;32003
32030;32006
32030;33011
32030;33040
32030;33041
32030;38002
33011;32030
33011;33021
33011;33037
33011;33039
33011;33040
33011;33041
33011;57097
33016;33039
33016;57097
33021;33011
33021;33039
33021;33041
33021;38002
33029;33037
33029;34027
33029;34041
33029;36012
33029;57097
33037;33011
33037;33029
33037;33040
33037;36012
33037;36015
33037;36019
33037;57097
33039;33011
33039;33016
33039;33021
33039;57097
33040;32006
33040;32030
33040;33011
33040;33037
33040;36019
33041;32030
33041;33011
33041;33021
33041;38002
34002;34003
34002;34009
34002;34040
34002;34042
34002;45061
34003;34002
34003;34042
34003;34043
34003;45060
34003;45061
34003;57018
34003;57095
34009;34002
34009;34013
34009;34040
34009;34042
34013;34009
34013;34022
34013;34023
34013;34025
34013;34040
34013;34042
34013;36007
34013;37010
34013;37017
34022;34013
34022;34023
34022;34025
34022;34027
34022;34041
34022;34042
34022;34043
34022;36010
34022;57096
34023;34013
34023;34022
34023;34025
34025;34013
34025;34022
34025;34023
34025;36007
34025;36008
34025;36010
34027;33029
34027;34022
34027;34041
34027;57096
34040;34002
34040;34009
34040;34013
34040;37017
34040;44081
34040;45061
34040;45068
34041;33029
34041;34022
34041;34027
34041;36010
34041;36012
34042;34002
34042;34003
34042;34009
34042;34013
34042;34022
34042;34043
34043;34003
34043;34022
34043;34042
34043;57018
34043;57027
34043;57062
34043;57096
35002;35013
35002;35014
35002;35029
35005;32010
35005;35006
35005;35011
35005;35013
35005;35014
35006;31012
35006;31033
35006;31040
35006;32010
35006;32011
35006;35005
35006;35014
35011;32003
35011;32010
35011;35005
35011;35013
35011;38016
35013;35002
35013;35005
35013;35011
35013;35014
35014;31012
35014;35002
35014;35005
35014;35006
35014;35013
35014;35029
35029;31004
35029;31012
35029;31042
35029;35002
35029;35014
36006;31033
36006;32011
36006;36011
36006;36015
36006;36019
36007;34013
36007;34025
36007;36008
36007;37007
36007;37010
36008;34025
36008;36007
36008;36010
36008;36015
36008;37007
36008;37020
36010;34022
36010;34025
36010;34041
36010;36008
36010;36012
36010;36015
36011;31022
36011;31033
36011;36006
36011;36015
36011;37018
36011;37020
36012;33029
36012;33037
36012;34041
36012;36010
36012;36015
36015;33037
36015;36006
36015;36008
36015;36010
36015;36011
36015;36012
36015;36019
36015;37020
36019;32006
36019;32011
36019;33037
36019;33040
36019;36006
36019;36015
37002;37010
37002;37015
37002;37017
37002;44081
37002;44083
37007;36007
37007;36008
37007;37010
37007;37011
37007;37015
37007;37020
37010;34013
37010;36007
37010;37002
37010;37007
37010;37015
37010;37017
37011;37007
37011;37015
37011;37018
37011;37020
37012;31003
37012;37015
37012;37018
37012;44084
37015;37002
37015;37007
37015;37010
37015;37011
37015;37012
37015;37018
37015;44083
37015;44084
37017;34013
37017;34040
37017;37002
37017;37010
37017;44081
37018;31003
37018;31022
37018;36011
37018;37011
37018;37012
37018;37015
37018;37020
37020;36008
37020;36011
37020;36015
37020;37007
37020;37011
37020;37018
38002;32003
38002;32030
38002;33021
38002;33041
38002;38025
38008;38014
38008;38025
38014;38008
38014;38016
38014;38025
38016;32003
38016;35011
38016;38014
38016;38025
38025;32003
38025;38002
38025;38008
38025;38014
38025;38016
41002;23002
41002;23060
41002;23105
41002;41011
41002;41024
41002;41034
41002;41082
41002;42006
41002;42011
41011;23044
41011;23105
41011;41002
41011;41024
41011;41048
41018;23009
41018;23023
41018;41027
41018;41048
41018;45059
41018;45063
41018;51069
41024;41002
41024;41011
41024;41027
41024;41048
41024;41082
41027;41018
41027;41024
41027;41048
41027;41063
41027;41081
41027;41082
41027;45063
41034;41002
41034;41063
41034;41082
41034;42006
41034;42025
41034;42026
41048;23023
41048;23024
41048;23044
41048;23097
41048;41011
41048;41018
41048;41024
41048;41027
41063;41027
41063;41034
41063;41081
41063;41082
41063;42025
41063;44052
41081;41027
41081;41063
41081;44020
41081;44052
41081;45059
41081;45063
41081;45065
41082;41002
41082;41024
41082;41027
41082;41034
41082;41063
42003;42006
42003;42010
42003;42026
42003;42028
42003;46014
42004;12041
42004;23045
42004;23052
42004;23060
42004;42006
42004;42008
42004;42011
42006;41002
42006;41034
42006;42003
42006;42004
42006;42008
42006;42011
42006;42026
42006;42028
42008;12007
42008;12041
42008;42004
42008;42006
42008;42023
42008;42028
42008;46025
42010;42003
42010;42025
42010;42026
42010;44013
42010;44034
42010;46014
42011;23060
42011;41002
42011;42004
42011;42006
42023;42008
42023;42028
42023;46014
42023;46021
42023;46025
42025;41034
42025;41063
42025;42010
42025;42026
42025;44013
42025;44040
42025;44052
42026;41034
42026;42003
42026;42006
42026;42010
42026;42025
42028;42003
42028;42006
42028;42008
42028;42023
42028;46014
43002;43007
43002;43014
43002;43018
43002;44019
43005;43007
43005;43010
43005;43014
43005;44085
43007;43002
43007;43005
43007;43014
43007;44019
43007;44085
43010;31003
43010;31006
43010;43005
43010;43014
43010;44084
43010;44085
43014;43002
43014;43005
43014;43007
43014;43010
43018;43002
43018;44019
43018;44021
43018;44073
44012;44020
44012;44021
44012;44043
44012;44048
44012;44064
44013;42010
44013;42025
44013;44021
44013;44034
44013;44040
44019;43002
44019;43007
44019;43018
44019;44021
44019;44085
44020;41081
44020;44012
44020;44043
44020;44048
44020;44052
44020;45065
44020;45068
44021;43018
44021;44012
44021;44013
44021;44019
44021;44034
44021;44040
44021;44043
44021;44064
44021;44073
44021;44083
44021;44085
44034;42010
44034;44013
44034;44021
44034;44073
44034;46014
44040;42025
44040;44013
44040;44021
44040;44043
44040;44052
44043;44012
44043;44020
44043;44021
44043;44040
44043;44052
44045;44073
44045;46014
44045;46021
44045;46024
44048;44012
44048;44020
44048;44064
44048;44083
44048;45068
44052;41063
44052;41081
44052;42025
44052;44020
44052;44040
44052;44043
44064;44012
44064;44021
44064;44048
44064;44083
44073;43018
44073;44021
44073;44034
44073;44045
44073;46014
44081;34040
44081;37002
44081;37017
44081;44083
44081;45068
44083;37002
44083;37015
44083;44021
44083;44048
44083;44064
44083;44081
44083;44084
44083;44085
44083;45068
44084;31003
44084;37012
44084;37015
44084;43010
44084;44083
44084;44085
44085;43005
44085;43007
44085;43010
44085;44019
44085;44021
44085;44083
44085;44084
45035;45060
45035;45061
45035;45062
45035;45064
45035;45065
45035;45068
45041;45060
45041;45064
45041;51017
45041;51065
45041;57095
45059;41018
45059;41081
45059;45062
45059;45063
45059;45064
45059;45065
45059;51019
45059;51069
45060;34003
45060;45035
45060;45041
45060;45061
45060;45064
45060;57095
45061;34002
45061;34003
45061;34040
45061;45035
45061;45060
45061;45068
45062;45035
45062;45059
45062;45064
45062;45065
45063;41018
45063;41027
45063;41081
45063;45059
45064;45035
45064;45041
45064;45059
45064;45060
45064;45062
45064;51017
45064;51019
45065;41081
45065;44020
45065;45035
45065;45059
45065;45062
45065;45068
45068;34040
45068;44020
45068;44048
45068;44081
45068;44083
45068;45035
45068;45061
45068;45065
46003;11002
46003;11056
46003;46013
46003;46020
46003;46021
46003;46025
46013;11002
46013;11018
46013;11038
46013;11056
46013;12007
46013;46003
46013;46025
46014;42003
46014;42010
46014;42023
46014;42028
46014;44034
46014;44045
46014;44073
46014;46021
46020;46003
46020;46021
46020;46024
46021;42023
46021;44045
46021;46003
46021;46014
46021;46020
46021;46024
46021;46025
46024;44045
46024;46020
46024;46021
46025;12007
46025;42008
46025;42023
46025;46003
46025;46013
46025;46021
51004;51008
51004;51012
51004;51014
51004;51017
51004;51065
51004;51068
51004;51069
51004;57094
51008;51004
51008;51009
51008;51014
51008;53070
51008;57064
51008;57094
51009;51008
51009;53039
51009;53070
51009;57064
51012;51004
51012;51014
51012;51068
51012;53046
51014;51004
51014;51008
51014;51012
51014;53044
51014;53046
51014;53070
51017;45041
51017;45064
51017;51004
51017;51019
51017;51065
51017;51069
51019;45059
51019;45064
51019;51017
51019;51069
51065;45041
51065;51004
51065;51017
51065;57018
51065;57081
51065;57094
51065;57095
51067;23032
51067;23064
51067;25123
51067;51068
51067;55004
51068;23009
51068;23032
51068;51004
51068;51012
51068;51067
51068;51069
51068;53046
51068;55004
51068;55040
51069;23009
51069;41018
51069;45059
51069;51004
51069;51017
51069;51019
51069;51068
52010;52015
52010;52022
52010;55085
52010;55086
52010;56001
52010;58004
52011;52012
52011;52015
52011;52021
52011;52022
52011;52025
52011;52048
52011;52055
52011;52075
52011;56086
52012;52011
52012;52018
52012;52021
52012;52025
52012;52074
52015;52010
52015;52011
52015;52022
52015;52055
52015;55085
52018;52012
52018;52021
52018;52074
52018;92137
52021;25107
52021;52011
52021;52012
52021;52018
52021;52075
52021;92114
52021;92137
52022;52010
52022;52011
52022;52015
52022;52048
52022;56001
52022;56044
52022;56078
52025;52011
52025;52012
52025;52074
52025;56086
52025;92048
52025;92087
52025;93022
52025;93088
52048;52011
52048;52022
52048;56078
52048;56086
52055;25072
52055;52011
52055;52015
52055;52075
52055;55085
52074;52012
52074;52018
52074;52025
52074;92048
52074;92137
52075;25031
52075;25072
52075;25107
52075;52011
52075;52021
52075;52055
53014;53020
53014;53039
53014;53065
53014;53070
53014;53082
53020;53014
53020;53028
53020;53039
53020;53068
53020;53082
53020;53083
53028;53020
53028;53053
53028;53065
53028;53082
53028;53084
53039;51009
53039;53014
53039;53020
53039;53068
53039;53070
53044;51014
53044;53046
53044;53053
53044;53070
53044;55040
53046;51012
53046;51014
53046;51068
53046;53044
53046;55040
53053;53028
53053;53044
53053;53065
53053;53070
53053;53084
53053;55035
53053;55040
53053;58001
53053;58002
53053;58003
53065;53014
53065;53028
53065;53053
53065;53070
53065;53082
53068;53020
53068;53039
53068;53083
53070;51008
53070;51009
53070;51014
53070;53014
53070;53039
53070;53044
53070;53053
53070;53065
53082;53014
53082;53020
53082;53028
53082;53065
53083;53020
53083;53068
53084;53028
53084;53053
53084;58003
55004;25044
55004;25072
55004;25105
55004;25123
55004;51067
55004;51068
55004;55040
55004;55050
55004;55085
55035;53053
55035;55040
55035;55050
55035;55085
55035;58001
55040;51068
55040;53044
55040;53046
55040;53053
55040;55004
55040;55035
55040;55050
55050;55004
55050;55035
55050;55040
55050;55085
55050;58001
55085;25072
55085;52010
55085;52015
55085;52055
55085;55004
55085;55035
55085;55050
55085;55086
55085;58001
55086;52010
55086;55085
55086;58001
55086;58004
56001;52010
56001;52022
56001;56044
56001;58002
56001;58004
56005;56022
56005;56029
56005;56049
56005;56078
56005;56088
56005;93088
56016;56029
56016;56051
56016;56088
56016;93014
56022;56005
56022;56049
56022;58003
56029;56005
56029;56016
56029;56088
56029;93010
56029;93014
56029;93088
56044;52022
56044;56001
56044;56049
56044;56078
56044;58002
56049;56005
56049;56022
56049;56044
56049;56078
56049;58002
56049;58003
56051;56016
56078;52022
56078;52048
56078;56005
56078;56044
56078;56049
56078;56086
56078;93088
56086;52011
56086;52025
56086;52048
56086;56078
56086;93088
56088;56005
56088;56016
56088;56029
57003;57064
57003;57081
57003;57093
57018;34003
57018;34043
57018;51065
57018;57062
57018;57081
57018;57095
57027;34043
57027;57062
57027;57081
57027;57096
57062;34043
57062;57018
57062;57027
57062;57081
57062;57096
57064;51008
57064;51009
57064;57003
57064;57081
57064;57094
57072;57081
57072;57093
57081;51065
57081;57003
57081;57018
57081;57027
57081;57062
57081;57064
57081;57072
57081;57093
57081;57094
57093;57003
57093;57072
57093;57081
57094;51004
57094;51008
57094;51065
57094;57064
57094;57081
57095;34003
57095;45041
57095;45060
57095;51065
57095;57018
57096;34022
57096;34027
57096;34043
57096;57027
57096;57062
57097;33011
57097;33016
57097;33029
57097;33037
57097;33039
58001;53053
58001;55035
58001;55050
58001;55085
58001;55086
58001;58002
58001;58004
58002;53053
58002;56001
58002;56044
58002;56049
58002;58001
58002;58003
58002;58004
58003;53053
58003;53084
58003;56022
58003;56049
58003;58002
58004;52010
58004;55086
58004;56001
58004;58001
58004;58002
61003;61031
61003;61041
61003;61043
61003;61063
61003;61068
61003;61072
61003;61080
61003;64065
61010;61028
61010;61072
61010;64015
61010;64034
61010;64075
61010;92138
61012;61039
61012;61041
61012;61048
61012;61081
61012;83012
61012;91064
61012;91120
61012;92097
61019;61024
61019;62009
61019;62026
61019;63075
61019;83012
61019;83055
61024;61019
61024;61048
61024;61079
61024;62026
61024;83012
61028;61010
61028;61072
61028;92003
61028;92138
61031;61003
61031;61039
61031;61041
61031;61072
61031;92003
61031;92097
61039;61012
61039;61031
61039;61041
61039;92097
61041;61003
61041;61012
61041;61031
61041;61039
61041;61043
61041;61081
61043;61003
61043;61041
61043;61079
61043;61080
61043;61081
61043;62121
61048;61012
61048;61024
61048;61079
61048;61081
61048;83012
61063;61003
61063;61068
61063;62118
61063;64023
61063;64065
61063;64076
61068;61003
61068;61063
61068;61072
61068;64015
61068;64076
61072;61003
61072;61010
61072;61028
61072;61031
61072;61068
61072;64015
61072;92003
61079;61024
61079;61043
61079;61048
61079;61081
61079;62026
61079;62032
61079;62121
61080;61003
61080;61043
61080;62120
61080;62121
61080;64065
61081;61012
61081;61041
61081;61043
61081;61048
61081;61079
62003;62006
62003;62060
62003;62063
62003;62093
62003;62118
62006;62003
62006;62060
62006;62118
62006;64021
62006;64025
62006;73028
62006;73083
62009;61019
62009;62026
62009;62100
62009;63075
62009;63076
62011;62060
62011;62079
62011;62108
62011;73066
62011;73083
62015;62022
62015;62038
62015;62063
62015;62119
62022;62015
62022;62032
62022;62038
62022;62063
62022;62100
62022;62122
62026;61019
62026;61024
62026;61079
62026;62009
62026;62032
62026;62100
62027;62108
62027;62119
62027;63003
62027;63035
62027;73109
62032;61079
62032;62022
62032;62026
62032;62063
62032;62096
62032;62100
62032;62121
62038;62015
62038;62022
62038;62099
62038;62119
62038;62122
62038;63057
62051;62060
62051;62063
62051;62079
62060;62003
62060;62006
62060;62011
62060;62051
62060;62063
62060;62079
62060;73083
62063;62003
62063;62015
62063;62022
62063;62032
62063;62051
62063;62060
62063;62079
62063;62093
62063;62096
62063;62108
62063;62119
62079;62011
62079;62051
62079;62060
62079;62063
62079;62108
62093;62003
62093;62063
62093;62096
62093;62118
62096;62032
62096;62063
62096;62093
62096;62118
62096;62120
62096;62121
62099;62038
62099;62119
62099;63035
62099;63057
62100;62009
62100;62022
62100;62026
62100;62032
62100;62122
62100;63058
62100;63076
62108;62011
62108;62027
62108;62063
62108;62079
62108;62119
62108;73066
62108;73109
62118;61063
62118;62003
62118;62006
62118;62093
62118;62096
62118;62120
62118;64023
62118;64025
62118;64065
62119;62015
62119;62027
62119;62038
62119;62063
62119;62099
62119;62108
62119;63035
62120;61080
62120;62096
62120;62118
62120;62121
62120;64065
62121;61043
62121;61079
62121;61080
62121;62032
62121;62096
62121;62120
62122;62022
62122;62038
62122;62100
62122;63057
62122;63058
63001;63012
63001;63013
63001;63049
63001;63067
63001;63080
63003;62027
63003;63035
63003;63084
63003;63088
63003;63089
63003;73109
63004;63023
63004;63038
63004;63046
63004;63048
63004;63080
63004;63084
63012;63001
63012;63013
63012;63067
63013;63001
63013;63012
63013;63080
63020;63035
63020;63046
63020;63079
63020;63084
63020;63089
63023;63004
63023;63048
63023;63061
63023;63080
63023;63084
63035;62027
63035;62099
63035;62119
63035;63003
63035;63020
63035;63057
63035;63058
63035;63079
63035;63089
63038;63004
63038;63046
63038;63049
63038;63072
63038;63073
63038;63076
63038;63079
63038;63080
63040;63048
63040;63061
63040;63088
63045;63075
63045;63086
63045;82032
63045;83055
63046;63004
63046;63020
63046;63038
63046;63079
63046;63084
63048;63004
63048;63023
63048;63040
63048;63061
63048;63084
63048;63088
63049;63001
63049;63038
63049;63067
63049;63073
63049;63080
63057;62038
63057;62099
63057;62122
63057;63035
63057;63058
63058;62100
63058;62122
63058;63035
63058;63057
63058;63076
63058;63079
63061;63023
63061;63040
63061;63048
63067;63001
63067;63012
63067;63049
63067;63073
63067;63086
63067;63087
63067;82032
63072;63038
63072;63073
63072;63075
63072;63076
63073;63038
63073;63049
63073;63067
63073;63072
63073;63075
63073;63086
63075;61019
63075;62009
63075;63045
63075;63072
63075;63073
63075;63076
63075;63086
63075;83055
63076;62009
63076;62100
63076;63038
63076;63058
63076;63072
63076;63075
63076;63079
63079;63020
63079;63035
63079;63038
63079;63046
63079;63058
63079;63076
63080;63001
63080;63004
63080;63013
63080;63023
63080;63038
63080;63049
63084;63003
63084;63004
63084;63020
63084;63023
63084;63046
63084;63048
63084;63088
63084;63089
63086;63045
63086;63067
63086;63073
63086;63075
63086;82032
63087;63067
63087;82032
63087;82037
63088;63003
63088;63040
63088;63048
63088;63084
63088;73109
63089;63003
63089;63020
63089;63035
63089;63084
64008;64029
64008;64074
64008;71017
64015;61010
64015;61068
64015;61072
64015;64029
64015;64034
64015;64076
64021;62006
64021;64025
64021;64056
64021;64063
64021;73028
64021;73083
64023;61063
64023;62118
64023;64025
64023;64063
64023;64065
64023;64074
64023;64076
64025;62006
64025;62118
64025;64021
64025;64023
64025;64063
64029;64008
64029;64015
64029;64034
64029;64074
64029;64076
64029;71017
64034;24059
64034;25120
64034;61010
64034;64015
64034;64029
64034;64047
64034;64075
64034;71017
64047;24059
64047;25118
64047;25120
64047;64034
64056;64021
64056;64063
64056;64074
64056;73022
64056;73083
64063;64021
64063;64023
64063;64025
64063;64056
64063;64074
64065;61003
64065;61063
64065;61080
64065;62118
64065;62120
64065;64023
64074;64008
64074;64023
64074;64029
64074;64056
64074;64063
64074;64076
64074;71017
64074;73022
64075;25120
64075;61010
64075;64034
64075;92035
64075;92138
64076;61063
64076;61068
64076;64015
64076;64023
64076;64029
64076;64074
71002;71016
71002;71067
71002;72021
71002;72041
71002;72042
71002;73107
71004;24020
71004;71034
71004;71037
71004;71057
71004;71069
71004;71070
71004;72038
71004;72039
71011;71016
71011;71022
71011;73006
71011;73032
71011;73040
71016;71002
71016;71011
71016;71022
71016;71066
71016;71067
71016;72039
71016;72042
71016;73006
71017;24059
71017;64008
71017;64029
71017;64034
71017;64074
71017;71053
71017;73022
71020;24008
71020;24020
71020;24028
71020;24054
71020;71024
71020;71037
71022;71011
71022;71016
71022;71024
71022;71037
71022;71045
71022;71066
71022;71070
71022;73001
71022;73040
71022;73098
71024;24028
71024;71020
71024;71022
71024;71037
71024;71045
71034;13003
71034;71004
71034;71069
71034;72038
71037;24020
71037;71004
71037;71020
71037;71022
71037;71024
71037;71070
71045;24028
71045;71022
71045;71024
71045;71053
71045;73001
71053;24028
71053;24059
71053;24130
71053;71017
71053;71045
71053;73001
71053;73009
71053;73022
71053;73098
71057;13053
71057;24020
71057;24134
71057;71004
71057;71069
71066;71016
71066;71022
71066;71070
71066;72039
71067;71002
71067;71016
71067;73006
71067;73042
71067;73107
71069;13003
71069;13021
71069;13053
71069;71004
71069;71034
71069;71057
71070;71004
71070;71022
71070;71037
71070;71066
71070;72039
72003;72004
72003;72018
72003;72030
72003;72037
72003;72042
72003;72043
72004;72003
72004;72018
72004;72021
72004;72042
72018;72003
72018;72004
72018;72021
72020;13003
72020;13025
72020;72038
72020;72043
72021;71002
72021;72004
72021;72018
72021;72041
72021;72042
72030;72003
72030;72038
72030;72039
72030;72042
72030;72043
72037;72003
72037;72043
72038;13003
72038;71004
72038;71034
72038;72020
72038;72030
72038;72039
72038;72043
72039;71004
72039;71016
72039;71066
72039;71070
72039;72030
72039;72038
72039;72042
72041;71002
72041;72021
72041;73107
72042;71002
72042;71016
72042;72003
72042;72004
72042;72021
72042;72030
72042;72039
72043;72003
72043;72020
72043;72030
72043;72037
72043;72038
73001;71022
73001;71045
73001;71053
73001;73098
73006;71011
73006;71016
73006;71067
73006;73032
73006;73042
73006;73066
73006;73083
73009;71053
73009;73022
73009;73040
73009;73083
73009;73098
73022;64056
73022;64074
73022;71017
73022;71053
73022;73009
73022;73083
73028;62006
73028;64021
73028;73083
73032;71011
73032;73006
73032;73040
73032;73066
73032;73083
73040;71011
73040;71022
73040;73009
73040;73032
73040;73083
73040;73098
73042;71067
73042;73006
73042;73066
73042;73107
73066;62011
73066;62108
73066;73006
73066;73032
73066;73042
73066;73083
73083;62006
73083;62011
73083;62060
73083;64021
73083;64056
73083;73006
73083;73009
73083;73022
73083;73028
73083;73032
73083;73040
73083;73066
73098;71022
73098;71053
73098;73001
73098;73009
73098;73040
73107;71002
73107;71067
73107;72041
73107;73042
73109;62027
73109;62108
73109;63003
73109;63088
81001;81003
81001;81015
81001;85009
81001;85034
81001;85046
81003;81001
81003;81013
81003;85046
81004;81015
81004;85026
81004;85034
81013;81003
81013;82009
81013;84033
81013;85046
81015;81001
81015;81004
81015;85034
82003;82005
82003;82009
82003;82014
82003;82036
82005;82003
82005;82014
82005;82036
82005;82038
82005;83031
82005;83049
82009;81013
82009;82003
82009;82036
82009;84033
82014;82003
82014;82005
82014;82032
82014;82037
82014;83031
82014;83055
82032;63045
82032;63067
82032;63086
82032;63087
82032;82014
82032;82037
82032;83031
82032;83055
82036;82003
82036;82005
82036;82009
82036;82038
82036;84033
82036;84043
82036;84077
82037;63087
82037;82014
82037;82032
82038;82005
82038;82036
82038;83049
82038;84059
82038;84077
83012;61012
83012;61019
83012;61024
83012;61048
83012;83013
83012;83028
83012;83055
83012;91120
83013;83012
83013;83028
83013;83044
83013;83055
83028;83012
83028;83013
83028;83034
83028;83044
83028;91120
83031;82005
83031;82014
83031;82032
83031;83034
83031;83040
83031;83044
83031;83049
83031;83055
83034;83028
83034;83031
83034;83040
83034;83044
83034;91030
83034;91114
83034;91120
83040;83031
83040;83034
83040;83049
83040;84059
83040;84068
83040;91114
83044;83013
83044;83028
83044;83031
83044;83034
83044;83055
83049;82005
83049;82038
83049;83031
83049;83040
83049;84059
83055;61019
83055;63045
83055;63075
83055;82014
83055;82032
83055;83012
83055;83013
83055;83031
83055;83044
84009;84010
84009;84029
84009;84035
84009;84043
84009;84050
84009;84077
84009;85011
84010;84009
84010;84050
84010;85011
84010;91015
84010;91143
84016;84035
84016;84050
84016;84075
84016;91013
84016;91015
84016;91054
84029;84009
84029;84043
84029;85007
84029;85011
84033;81013
84033;82009
84033;82036
84033;84043
84033;85007
84033;85039
84033;85046
84035;84009
84035;84016
84035;84050
84035;84059
84035;84068
84035;84075
84035;84077
84043;82036
84043;84009
84043;84029
84043;84033
84043;84077
84043;85007
84050;84009
84050;84010
84050;84016
84050;84035
84050;91015
84059;82038
84059;83040
84059;83049
84059;84035
84059;84068
84059;84077
84068;83040
84068;84035
84068;84059
84068;84075
84068;91114
84075;84016
84075;84035
84075;84068
84075;91013
84075;91114
84077;82036
84077;82038
84077;84009
84077;84035
84077;84043
84077;84059
85007;84029
85007;84033
85007;84043
85007;85011
85007;85039
85009;81001
85009;85034
85009;85039
85009;85045
85009;85046
85011;84009
85011;84010
85011;84029
85011;85007
85011;85024
85011;85039
85024;85011
85024;85039
85024;85045
85024;85047
85026;81004
85026;85034
85026;85045
85034;81001
85034;81004
85034;81015
85034;85009
85034;85026
85034;85045
85039;84033
85039;85007
85039;85009
85039;85011
85039;85024
85039;85045
85039;85046
85045;85009
85045;85024
85045;85026
85045;85034
85045;85039
85045;85047
85046;81001
85046;81003
85046;81013
85046;84033
85046;85009
85046;85039
85047;85024
85047;85045
91005;91034
91005;91103
91005;91141
91005;92087
91005;92101
91013;84016
91013;84075
91013;91054
91013;91072
91013;91114
91015;84010
91015;84016
91015;84050
91015;91054
91015;91143
91030;83034
91030;91034
91030;91059
91030;91072
91030;91114
91030;91120
91030;91141
91030;92006
91034;91005
91034;91030
91034;91072
91034;91103
91034;91141
91034;91142
91054;84016
91054;91013
91054;91015
91054;91143
91059;91030
91059;91064
91059;91120
91059;92006
91059;92054
91064;61012
91064;91059
91064;91120
91064;92054
91064;92097
91072;91013
91072;91030
91072;91034
91072;91114
91072;91142
91103;91005
91103;91034
91103;91142
91103;92087
91103;93022
91114;83034
91114;83040
91114;84068
91114;84075
91114;91013
91114;91030
91114;91072
91120;61012
91120;83012
91120;83028
91120;83034
91120;91030
91120;91059
91120;91064
91141;91005
91141;91030
91141;91034
91141;92006
91141;92101
91142;91034
91142;91072
91142;91103
91142;93018
91142;93022
91143;84010
91143;91015
91143;91054
92003;61028
92003;61031
92003;61072
92003;92054
92003;92094
92003;92097
92003;92138
92006;91030
92006;91059
92006;91141
92006;92054
92006;92094
92006;92101
92035;25084
92035;25120
92035;25122
92035;64075
92035;92094
92035;92138
92035;92141
92035;92142
92045;92048
92045;92094
92045;92101
92045;92140
92048;52025
92048;52074
92048;92045
92048;92087
92048;92101
92048;92137
92048;92140
92054;91059
92054;91064
92054;92003
92054;92006
92054;92094
92054;92097
92087;52025
92087;91005
92087;91103
92087;92048
92087;92101
92087;93022
92094;92003
92094;92006
92094;92035
92094;92045
92094;92054
92094;92101
92094;92138
92094;92140
92094;92141
92094;92142
92097;61012
92097;61031
92097;61039
92097;91064
92097;92003
92097;92054
92101;91005
92101;91141
92101;92006
92101;92045
92101;92048
92101;92087
92101;92094
92114;25107
92114;25117
92114;52021
92114;92137
92114;92140
92114;92142
92137;52018
92137;52021
92137;52074
92137;92048
92137;92114
92137;92140
92138;61010
92138;61028
92138;64075
92138;92003
92138;92035
92138;92094
92140;92045
92140;92048
92140;92094
92140;92114
92140;92137
92140;92142
92141;92035
92141;92094
92141;92142
92142;25084
92142;25117
92142;25124
92142;92035
92142;92094
92142;92114
92142;92140
92142;92141
93010;56029
93010;93014
93010;93056
93010;93088
93014;56016
93014;56029
93014;93010
93014;93056
93014;93090
93018;91142
93018;93022
93018;93056
93018;93090
93022;52025
93022;91103
93022;91142
93022;92087
93022;93018
93022;93056
93022;93088
93056;93010
93056;93014
93056;93018
93056;93022
93056;93088
93056;93090
93088;52025
93088;56005
93088;56029
93088;56078
93088;56086
93088;93010
93088;93022
93088;93056
93090;93014
93090;93018
93090;93056
